CODE,en_US,zh_Hans,zh_TW,es_ES,hu_HU,de_DE,fr_FR,nl_NL,pt_BR,ja_JP,it_IT,ru_RU
_L_ON,ON,開,開,SI,BE,AN,ACTIV?,AAN,LIGADO,??,SI,????????
_L_OFF,OFF,關,關,NO,KI,AUS,D?SACTIV?,UIT,DESLIGADO,??,NO,?????????
_L_ON_F,[ON],[開],[開],[SI],[BE],[AN],[ACTIV?],[AAN],[LIGADO],[??],[SI],[???]
_L_OFF_F,[OFF],[關],[關],[NO],[KI],[AUS],[D?SACTIV?],[UIT],[DESLIGADO],[??],[NO],[????]
_L_BACK,Back,返回,返回,[Atr?s],Vissza,Zur?ck,Retour,Terug,Voltar,??,Indietro,[?????]
_L_ERR,Error,錯誤,錯誤,Error,Hiba,Fehler,Erreur,Fout,Erro,???,Errore,??????
_L_ERR_CODE,Error Code,錯誤碼,錯誤碼,C?digo error,Hibak?d,Fehlercode,Code d'Erreur,Foutcode,C?digo de Erro,??????,Codice errore,??? ??????
_L_FAILED,Failed,失敗,失敗,,,,,,,,,
_L_APP_AMIIBO,Amiibo Emulator,Amiibo模擬器,Amiibo模擬器,Emulador de amiibo,Amiibo Emul?tor,Amiibo Emulator,Emulateur Amiibo,Amiibo-Emulator,Emulador de Amiibo,Amiibo??????,Emulatore Amiibo,???????? Amiibo
_L_APP_AMIIBOLINK,AmiiboLink,AmiiboLink,AmiiboLink,AmiiboLink,AmiiboLink,AmiiboLink,AmiiboLink,AmiiboLink,AmiiboLink,AmiiboLink,AmiiboLink,AmiiboLink
_L_APP_BLE,BLE File Transfer,藍牙傳送,藍牙傳送,Transferencia BLE,BLE F?jltov?bb?t?s,BLE Dateitransfer,Transfert de Fichiers BLE,BLE Bestandsoverdracht,Transfer?ncia de Arquivos BLE,BLE?????送,Trasferimento file BLE,???????? ??????
_L_APP_BLE_TITLE,BLE File Transfer,藍牙傳送,藍牙傳送,Transferencia BLE,BLE F?jltov?bb?t?s,BLE Dateitransfer,Transfert de Fichiers BLE,BLE Bestandsoverdracht,Transfer?ncia de Arquivos BLE,BLE?????送,Trasferimento file BLE,?? Bluetooth
_L_APP_PLAYER,Video Player,動畫播放器,動畫播放器,Reproductor v?deo,Video Lej?tsz?,Videoplayer,Lecteur Vid?o,Videospeler,Reprodutor de V?deo,????????,Lettore video,??????????
_L_APP_SET,Settings,系統設定,系統設定,Configuraciones,Be?ll?t?sok,Einstellungen,Param?tres,Instellingen,Configura??es,設定,Impostazioni,?????????
_L_APP_SET_VERSION,Version,版本,版本,Versi?n,Verzi?,Version,Version,Versie,Vers?o,?????,Versione,??????
_L_APP_SET_STORAGE_USED,Used,已用,已用,Usado,Haszn?lt,Belegt,Utilis?,Gebruikt,Usado,使用?????,Usato,??????
_L_APP_SET_STORAGE,External Storage,外接儲存,外置存儲,M. Flash,K?ls? T?rol?,Externer Speicher,Stockage Externe,Externe Opslag,Armazenamento Externo,外部?????,Memoria esterna,??????????
_L_APP_SET_OLED_CONTRAST,OLED Contrast,OLED對比度,OLED對比度,Contraste OLED,OLED Kontraszt,OLED Kontrast,Contraste OLED,OLED-Contrast,Contraste do OLED,OLED??????,Contrasto OLED,?????????????
_L_APP_SET_OLED_CONTRAST_TITLE,OLED Contrast,OLED對比度,OLED對比度,Contraste OLED,OLED Kontraszt,OLED Kontrast,Contraste OLED,OLED-Contrast,Contraste do OLED,OLED??????,Contrasto OLED,???????? OLED
_L_APP_SET_LCD_BACKLIGHT,Backlight,背光亮度,背光亮度,Brillo,H?tt?rvil?g?t?s,Beleuchtung,R?tro?clairage,Achtergrondverlichting,Luz de Fundo,??????,Luminosit?,?????????
_L_APP_SET_LCD_BACKLIGHT_TITLE,Backlight Brightness,背光亮度,背光亮度,Brillo de fondo,H?tt?rvil?g?t?s F?nyer?,Helligkeit,Luminosit? du R?tro?clairage,Helderheid Achtergrondverlichting,Brilho da Luz de Fundo,???????明??,Luminosit? schermo,??????? ?????????
_L_APP_SET_ANIM,Menu Animation,動畫效果,動畫效果,Animar men?,Men? Anim?ci?,Men? Animation,Animation du Menu,Menu-Animatie,Anima??o do Menu,???? ???????,Animazione menu,???????? ????
_L_APP_SET_LIPO_BAT,LiPO Battery,鋰電池,LiPO電池,Bater?a LiPO,LiPO Akkumul?tor,LiPO Batterie,Batterie LiPO,LiPO-Batterij,Bateria LiPO,LiPO?????,Batteria LiPO,??????? LiPO
_L_APP_SET_SHOW_MEM_USAGE,Memory Used,記憶體使用率,記憶體使用率,Estad. Mem.,Haszn?lt Mem?ria,Speicheranzeige,M?moire Utilis?e,Gebruikt Geheugen,Mem?ria Usada,使用???,Memoria usata,?????? ??????
_L_APP_SET_HIBERNATE,Fast Wakeup,快速喚醒,快速喚醒,Hibernar,Gyors ?breszt?s,Schnelles Aufwachen,R?veil Rapide,Snel Ontwaken,Despertar R?pido,高速起動,Risveglio rapido,??????????
_L_APP_SET_SLEEP_TIMEOUT,Sleep Timeout,休眠時間,休眠時間,Dormir en:,Alv?si Id?korl?t,Standby nach,D?lai de mise en veille,Time-out Slaapstand,Tempo Limite de Suspens?o,??????????,Timeout di sospensione,??????? ???
_L_APP_SET_LANGUAGE,Language,系統語言,系統語言,Idioma,Nyelv,Sprache,Langue,Taal,Idioma,言語,Lingua,????
_L_APP_SET_GO_SLEEP,Go Sleep,進入休眠,進入休眠,,,,,,,,,
_L_APP_SET_DFU,Firmware Update,軟體升級,軟體升級,Actualizar firmware,Firmware Friss?t?s,Firmw. Aktualisierung,Mise ? Jour du Micrologiciel,Firmware Bijwerken,Atualiza??o de Firmware,???????更新,Aggiornamento firmware,?????????? ??
_L_APP_SET_REBOOT,System Reboot,重新啟動,重啟設備,Reiniciar,Rendszer ?jraind?t?sa,System Neustart,Red?marrage du Syst?me,Systeem Herstarten,Reinicializa??o do Sistema,????再起動,Riavvio del sistema,????????????
_L_APP_SET_RESET_DEFAULT,Reset Default Setting,還原為預設值,重置默認配置,Restablecer config.,Alap?rt. Be?ll?t?s Vissza?ll?t?sa,Standardeinstellungen,R?tablir les Param?tres par D?faut,Terugzetten Naar Standaardwaarden,Restaurar Configura??es Padr?o,?????設定???,Ripristina impostazioni predefinite,????? ????????
_L_APP_SET_RESET_DEFAULT_SUCCESS,Reset Success!,還原成功,重置成功,?Configuraci?n Restablecida!,Alap?rt. Be?ll?t?sok Vissza?ll?t?sa,Einstellungen zur?ckgesetzt!,R?initialiser les Param?tres Par D?faut,Standaardinstellingen Herstellen,Redefinir a Configura??o Padr?o,設定?初期化,Ripristino riuscito!,????? ????????
_L_APP_SET_RESET_DEFAULT_CONFIRM,Confirm Reset Settings?,確認還原為預設值？,确?重置默??置？,?Confirma Restablecer\nConfig.?,,Auf Standardeinstellungen zur?cksetzen?,,,,,Conferma il ripristino delle impostazioni?,??????????
_L_APP_SET_ABOUT,About Device,關於設備,關於設?,Acerca del dispositivo,,,,,,,,?? ??????????
_L_APP_SET_ABOUT_OPEN_SOURCE_PROJECT,Open Source Project,開源項目,開源項目,Poyecto de c?digo abierto,,,,,,,,?????? ? ???????? ?????
_L_APP_SET_ABOUT_LGPL_LICENSE,GPL 2.0 License,GPL 2.0 授權,GPL 2.0 授權,Licencia GPL 2.0,,,,,,,,???????? GPL 2.0
_L_15S,15 Seconds,15秒,15秒,15 segundos,15 sec.,15 Sekunden,15 sec.,15 sec.,15 seg.,15秒,15 secondi,15 ??????
_L_30S,30 Seconds,30秒,30秒,30 segundos,30 sec.,30 Sekunden,30 sec.,30 sec.,30 seg.,30秒,30 secondi,30 ??????
_L_45S,45 Seconds,45秒,45秒,45 segundos,45 sec.,45 Sekunden,45 sec.,45 sec.,45 seg.,45秒,45 secondi,45 ??????
_L_1MIN,1 Minute,1分鐘,1分鐘,1 minuto,1 min.,1 Minute,1 min.,1 min.,1 min.,1分,1 minuto,1 ??????
_L_2MIN,2 Minutes,2分鐘,2分鐘,2 minutos,2 min.,2 Minuten,2 min.,2 min.,2 min.,2分,2 minuti,2 ??????
_L_3MIN,3 Minutes,3分鐘,3分鐘,3 minutos,3 min.,3 Minuten,3 min.,3 min.,3 min.,3分,3 minuti,3 ??????
_L_AMIIBO_KEY_UNLOADED,Amiibo Key not loaded,Amiibo Key未載入,Amiibo Key未載入,Sin llave amiibo,Amiibo kulcs nincs bet?ltve,Amiibo Schl?ssel fehlt,Cl? Amiibo Non Charg?e,Amiibo-Sleutel Niet Geladen,A chave Amiibo n?o foi carregada,Amiibo??????????,Chiave Amiibo non caricata,??????????? ???? ?????
_L_UPLOAD_KEY_RETAIL_BIN,Upload the file key_retail.bin to the root directory of the storage.,上傳檔案 key_retail.bin\n到儲存根目錄下。,上傳檔案 key_retail.bin\n到儲存根目錄下。,Suba el archivo\nkey_retail.bin\nal directorio ra?z.,T?ltse fel a key_retail.bin f?jlt a gy?k?rk?nyvt?r?ba.,Platzieren Sie die Datei key_retail.bin im Hauptverzeichnis des Speichers.,T?l?chargez le fichier key_retail.bin dans le r?pertoire racine du stockage.,Upload het bestand key_retail.bin naar de hoofdmap van de opslag.,Carregue o arquivo key_retail.bin no diret?rio raiz do armazenamento.,key_retail.bin?????????????????????????????。,Carica il file key_retail.bin nella directory root della memoria.,????????? key_retail.bin\n ? ?????? ??????????
_L_KNOW,Got it,知道了,知道了,Entendido,Megvan,Verstanden,Compris,Begrepen,Entendi,了解,Ho Capito,[???????]
_L_RANDOM_GENERATION,Rand. Tag,隨機產生,隨機產生,Nuevo serial aleat.,V?letlengener?tor,Zuf?llige UUID,Randomiser la Balise,Willekeurige Tag,Randomizar Etiqueta,???????化,Tag casuale,????????????? UUID
_L_AUTO_RANDOM_GENERATION,Auto Rand.,自動隨機產生,自動隨機產生,Serial alea. aut,Automat. V?letlengener?tor,Zuf?llige UUID (Automatisch),Randomisation Automatique,Automatische Randomisatie,Randomiza??o Autom?tica,自動????化,Casuale automatico,?????????????
_L_SET_CUSTOM_ID,Set Custom ID,自定義 ID,自定義 ID,,,,,,,,,
_L_INPUT_ID,Input ID,?入 ID,?入 ID,,,,,,,,,
_L_INAVLID_ID,Invalid ID,無效的 ID,無效的 ID,,,,,,,,,
_L_SHOW_QRCODE,Display QR Code,顯示Qrcode,顯示二維碼,Mostrar QR,QR-k?d Megjelen?t?se,QR Code,Afficher le Code QR,QR-Code Weergeven,Exibir QR Code,QR???表示,Mostra codice QR,QR-???
_L_READ_ONLY,Read-only,唯讀,禁止寫入,,,,,,,,,?????? ??????
_L_DELETE_TAG,Delete Tag,刪除標籤,刪除標籤,Borrar amiibo...,C?mke T?rl?se,Tag l?schen,Supprimer la Balise,Tag Verwijderen,Excluir Etiqueta,???削除,Elimina tag,??????? ???
_L_DELETE_TAG_CONFIRM,Confirm Delete %s ?,確認刪除 %s ?,確認刪除 %s ?,?Borrar %s?,T?rl?s Meger?s?t?se?,L?schen von %s best?tigen?,Confirmer la Suppression de %s ?,Bevestig Verwijderen %s ?,Confirmar Exclus?o de %s ?,%s ?削除????？,Conferma eliminazione %s\n?,??????? %s?
_L_BACK_TO_DETAILS,Back to Tag Details,返回詳情,返回詳情,[Detalles amiibo],Vissza a C?mke R?szletkhez,Zur?ck zu Tag Details,Retour Aux D?tails de L'?tiquette,Terug naar Tag Details,Voltar Aos Detalhes da Tag,???詳細???,[Torna ai dettagli del tag],[????? ? ???????]
_L_BACK_TO_FILE_LIST,Back to File List,返回檔案清單,返回檔案清單,[Lista Archivos],Vissza a F?jl List?hoz,Zur?ck zur Liste,Retour ? La Liste Des Fichiers,Terug naar Bestandslijst,Voltar Para a Lista de Arquivos,????一????,[Torna alla lista dei file],[????? ? ??????]
_L_BACK_TO_MAIN_MENU,Back to Main Menu,返回主選單,返回主選單,[Men? Principal],Vissza a F?men?be,Hauptmen?,Retour au Menu Principal,Terug naar Hoofdmenu,Voltar ao Menu Principal,??????????,[Torna al menu principale],[? ??????? ????]
_L_FORMAT,Format,格式化,格式化,Formatear...,Form?tum ,Formatieren,Format,Formatteren,Formatar,??????,Formatta...,???????????????
_L_FORMAT_STORAGE,Format Storage,格式化儲存,格式化儲存,Formatear mem. Flash,Form?tum T?rol?s,Speicher formatieren,Format de Stockage,Opslag Formatteren,Formatar Armazenamento,保存領域??????,Formatta memoria,??????????????
_L_DELETE_ALL_DATA,This will delete all data. Confirm format?,將刪除所有資料。\n確認格式化?,將刪除所有資料。\n確認格式化?,Se borrar? todos los\ndatos.,Minden adatot t?r?l. Form?z?s meger?s?t?se?,Alle Daten l?schen?,Cette op?ration efface toutes les donn?es. Confirmer le formatage?,Hierdoor worden alle gegevens gewist. Formatteren bevestigen?,Isso excluir? todos os dados. Confirmar a formata??o?,???????????削除????。???????？,Questo canceller? tutti i dati.\nConferma la formattazione?,??? ?????? ??? ??????.\n??????????
_L_DELETING_MESSAGE,Formatting ...,格式化中...,格式化中...,Formateando...,Form?z?s ...,Formatiere...,Formatage ...,Formatteren ...,Formatando ...,書式設定 ...,Formattazione in corso ...,??????????????...
_L_MESSAGE,Message,提示,提示,Inicializar,?zenet,Meldung,Message,Bericht,Mensagem,?????,Messaggio,?????????
_L_CONFIRM,Confirm,確定,確定,Confirmar,Meger?s?t?s,Best?tigen,Confirmer,Bevestigen,Confirmar,確認,Conferma,??
_L_CANCEL,Cancel,取消,取消,Cancelar,Megsz?ntet,Abbrechen,Annuler,Annuleren,Cancelar,?????,Annulla,??????
_L_BACK_TO_LIST,Back List,返回清單,返回清單,[Voler a lista],Vissza a List?hoz,Zur?ck zur Liste,Retour ? La Liste,Terug naar Lijst,Voltar ? Lista,??????,[Torna alla lista],[????? ? ??????]
_L_NOT_MOUNTED,Not Mounted,未掛載,未掛載,No montado,Nincs Felszerelve,Speicher nicht eingebunden,Stockage non Mont?,Niet Gekoppeld,N?o Montado,?????????????????,Non montato,==[?? ?????????]==
_L_MOUNTED_LFS,===Mounted[LFS]===,===已掛載[LFS]===,===已掛載[LFS]===,===[LFS]Montado===,===Szerelt[LFS]===,===Speicher [LFS]===,===Mont?[LFS]===,===Gekoppeld[LFS]===,===Montado[LFS]===,===?????????[LFS]===,===Montato[LFS]===,==?????????[LFS]==
_L_MOUNTED_FFS,===Mounted[FFS]===,===已掛載[FFS]===,===已掛載[FFS]===,===[FFS]Montado===,===Szerelt[FFS]===,===Speicher [FFS]===,===Mont?[FFS]===,===Gekoppeld[FFS]===,===Montado[FFS]===,===?????????[FFS]===,===Montato[FFS]===,==?????????[FFS]==
_L_TOTAL_SPACE,Total,總空間,總空間,Capacidad,?ssz.,Gesamt,Total,Totaal,Total,????容量,Totale,???????
_L_AVAILABLE_SPACE,Free,可用空間,可用空間,Libre,Ingyenes,Frei,Libre,Vrij,Livre,空?容量,Libero,????????
_L_NOT_AMIIBO_FILE,This is not Amiibo file,這不是Amiibo檔案,這不是Amiibo檔案,Este no es un archivo\namiibo v?lido,Ez nem Amiibo F?jl,Keine Amiibo Datei,Ce n'est pas un fichier Amiibo,Dit is geen Amiibo-bestand,Este N?o ? um Arquivo Amiibo,???Amiibo???????????,Questo non ? un file\nAmiibo valido,???? ???? ?? Amiibo
_L_READ_FILE_FAILED,Failed read the file,讀取檔案失敗,讀取檔案失敗,Error al leer archivo,F?jl beolvas?sa sikerten,Lesen fehlgeschlagen,?chec de la lecture du fichier,Lezen van het bestand is mislukt,Falha na Leitura do Arquivo,??????????失敗????,Errore nella lettura del file,?????? ?????? ?????
_L_INPUT_FOLDER_NAME,Input Folder Name:,輸入資料夾名稱:,輸入資料夾名稱:,Nombre carpeta:,Bemeneti Mappa Neve:,Ordnername eingeben:,Nom du Dossier D'entr?e:,Naam Invoermap:,Nome da Pasta de Entrada:,入力????名:,Nome cartella:,??????? ??? ?????:
_L_INPUT_AMIIBO_NAME,Input Amiibo Name:,輸入amiibo名稱:,輸入amiibo名稱:,Nombre amiibo:,Amiibo Neve:,Amiibo Namen eingeben:,Nom de l'Amiibo D'entr?e:,Naam Amiibo Invoeren:,Nome do Amiibo de Entrada:,入力Amiibo名:,Nome Amiibo:,??????? ??? Amiibo:
_L_DELETE_FILE,Delete %s ?,刪除 %s ?,刪除 %s ?,?Borrar %s?,T?rli a %s f?jlt?,%s l?schen ?,Supprimer le %s ?,%s verwijderen ?,Excluir %s ?,%s ?削除???? ？,Eliminare %s ?,??????? %s?
_L_DELETE,Delete...,刪除...,刪除...,Borrar...,T?r?l...,L?schen...,Supprimer...,Verwijder...,Excluir...,削除...,Elimina...,???????...
_L_TIPS,Confirm,提示,提示,Confirmar,Meger?s?t?s,Best?tigen,Confirmer,Bevestigen,Confirmar,確認??,Conferma,????????
_L_INPUT_NEW_NAME,Input New Name:,輸入新名稱:,輸入新名稱:,Nuevo nombre:,?j N?v Bevitele:,Neuen Namen eingeben:,Nouveau nom D'entr?e:,Nieuwe Naam Invoeren:,Novo Nome de Entrada:,新??名前?入力??????：,Nuovo nome:,??????? ????? ???:
_L_INVALID_INPUT,Invalid Input,無效的輸入,無效的輸入,Entrada inv?lida,?rv?nytelen Bemenet,Ung?ltige Eingabe,Entr?e Invalide,Ongeldige Invoer,Entrada Inv?lida,無??入力,Input non valido,???????????? ????
_L_CREATE_NEW_FOLDER,Create New Folder...,新增資料夾...,新建資料夾...,Crear carpeta...,?j Mappa L?trehoz?sa...,Neuer Ordner...,Cr?er un Nouveau Dossier...,Nieuwe Map Maken...,Criar Nova Pasta...,新???????作成...,Crea cartella...,??????? ????? ?????...
_L_CREATE_NEW_TAG,Create New Tag...,新增標籤...,新建標籤...,Crear amiibo...,?j C?mke L?trehoz?sa...,Neuer Tag...,Cr?er une Nouvelle ?tiquette...,Nieuwe Tag Aanmaken...,Criar Nova Tag...,新規??作成...,Crea Amiibo...,??????? ????? ???...
_L_CREATE_NEW_TAG_BATCH,Batch Create New Tag...,批次新增標籤...,批量創建標簽...,Crear amiibo en lote...,K?tegelt ?j C?mke L?trehoz?sa...,Mehrere Tags erstellen...,Cr?er de Nouvelles ?tiquettes Par Lot...,Nieuwe Tags in een Batch Aanmaken...,Criar Novas Tags em Lote...,新規???一括作成...,Crea Amiibo in serie...,??????? ?????? ?????...
_L_INPUT_TAG_NUM,Input Tag Number：,輸入標籤數量:,輸入標簽數量:,?Cu?ntos?,Beviteli C?mke Sz?ma:,Tag Anzahl eingeben:,Saisir le Num?ro de l'?tiquette:,Labelnummer Invoeren:,N?mero da Tag de Entrada:,??番??入力:,Numero di tag：,??????? ????? ?????:
_L_CREATE_TOO_MANY_NUM,Only max %d tags created in a batch.,一次最多只能創建%d個標籤,一次最多只能創建%d個標簽,S?lo se puede crear %d en lote,Max. l?trehozhat? c?mke egy k?tegben %d,Sie k?nnen nur maximal %d Tags auf einmal erstellen.,Seulement %d balises maximum cr??es dans un lot.,Maximum %d tags aangemaakt in een batch.,Somente no m?ximo %d tags criadas em um lote.,１??????作成?????????最大 %d ????。,Numero max di %d tag in serie.,?? ??? ????? ???????\n ?? ????? %d ?????
_L_CREATING_TAG_BATCH,Creating tag,新增標籤,創建標簽,Creando...,C?mke l?trehoz?sa,Tag erstellen,Cr?ation d'une balise,Tag aanmaken,Criando tag,???作成,Creazione tag,???????? ????
_L_CREATING_TAG_FAILED,Create tag %s failed!,新增 %s 標籤失敗,寫入 %s 標簽失敗,?Error al crear %s!,C?mke l?trehoz?sa %s sikertelen!,Erstellen von Tag %s fehlgeschlagen!,La cr?ation de la balise %s a ?chou?!,Aanmaken tag %s mislukt!,Falha ao criar a tag %s!,?? %s ?作成?失敗????！,Creazione tag %s fallita!,?????? ???????? ???? %s
_L_RENAME,Rename...,重新命名...,重新命名...,Renombrar...,?tnevez?s...,Umbenennen...,Renommer...,Hernoem...,Renomear...,名前??更...,Rinomina...,?????????????...
_L_OPEN_FOLDER_FAILED,Failed to open folder,開啟資料夾失敗,開啟資料夾失敗,Fallo al abrir carpeta,Mappa megnyit?sa sikertelen ,Ordner konnte nicht ge?ffnet werden,?chec de l'ouverture du dossier,Kan map niet openen,Falha ao abrir a pasta,?????開???????,Errore nell'apertura della cartella,?????? ???????? ?????
_L_RENAME_FAILED,Failed to rename\nError code,重新命名失敗,重新命名失敗,Fallo al renombrar\nC?digo de error,?tnevez?s Sikertelen\nHibak?d,Umbenennen fehlgeschlagen\nFehlercode,?chec du renommage.\nCode d'Erreur,Hernoemen mislukt.\nFoutcode,Falha ao renomear\nC?digo de erro,名前??更?失敗????。\n??????,Errore nella rinomina\nCodice errore,?????? ??????????????
_L_MAIN_RETURN,[RETURN],[返回],[返回],[Volver],[VISSZA],[Zur?ck],[RETOUR],[TERUG],[RETORNO],[?????,[Torna indietro],[?????]
_L_RANDOM_MODE_MANUAL,Randomize (Manual),隨機模式(手動),隨機模式(手動),Aleatorio (Manual),Randomiz?l?s (K?zi),Zuf?llige UUID (Manuell),Randomiser (Manuel),Willekeurig (Handmatig),Randomizar (Manual),????化 (手動),Casuale (Manuale),?????? ????????? UUID
_L_RANDOM_MODE_AUTO,Randomize (Auto),隨機模式(自動),隨機模式(自動),Aleatorio (Auto.),Randomiz?l?s (Automat.),Zuf?llige UUID (Automatisch),Randomiser (Automatique),Willekeurig (Automatisch),Randomizar (Autom?tico),????化(自動),Casuale (Automatico),????????????? UUID
_L_SEQUENCE_MODE,Sequential mode,按序模式,按序模式,Modo Secuencial,Szekvenci?lis M?d,Sequentieller Modus,Mode S?quentiel,Sequenti?le Modus,Modo Sequencial,??????????,Modo sequenziale,????????????????
_L_READ_WRITE_MODE,Read-write mode,讀寫模式,讀寫模式,Modo Lectura/Escrit.,Olvas?s-?r?s M?d,Lese-Schreibmodus,Mode Lecture-?criture,Lees-Schrijfmodus,Modo de Leitura e Grava??o,??書????,Modo lettura/scrittura,??????-??????
_L_AMIIBOLINK_V1,V1,V1(歷史版本),V1(歷史版本),AmiiboLink V1,V1,V1,V1,V1,V1,V1,V1,V1
_L_AMIIBOLINK_V2,V2,V2(最新版本),V2(最新版本),AmiiboLink V2,V2,V2,V2,V2,V2,V2,V2,V2
_L_AMILOOP,AmiLoop,AmiLoop,AmiLoop,AmiLoop,AmiLoop,AmiLoop,AmiLoop,AmiLoop,AmiLoop,AmiLoop,AmiLoop,AmiLoop
_L_MODE,Mode,模式,模式,Modo,M?d,Modus,Mode,Modus,Modo,???,Modalit?,?????
_L_AUTO_RANDOM,Auto Random.,自動隨機,自動隨機,Aleat. autom.,Automat. Randomiz?l?s,Zuf?llige UUID (Automatisch),Randomisation Automatique,Automatische Randomisatie,Randomiza??o Autom?tica,自動????化,Auto. casuale,?????????????
_L_COMPATIBLE_MODE,Compati. Mode,相容模式,相容模式,Compatibil.,Kompatibilis M?d,Kompabilit?ts Modus,Mode Compatible,Compatibiliteitsmodus,Modo Compat?vel,互換???,Mod. Compatibilit?,?????????????
_L_TAG_DETAILS,[Tag Details],[標籤詳情],[標籤詳情],[Volver a Detalles],[Tag R?szletek],[Zur?ck zu Details],[D?tails de l'?tiquette],[Tag Details],[Detalhes da Tag],[??詳細?,[Torna ai dettagli],[????? ? ???????]
_L_MAIN_MENU,[Main Menu],[主選單],[主選單],[Men? Principal],[F?men?],[Hauptmen?],[Menu Principal],[Hoofdmenu],[Menu Principal],[????????,[Menu principale],[? ??????? ????]
_L_MODE_RANDOM,Rand. (Manual),隨機(手動),隨機(手動),Aleat. man.,Random (K?zi),Zuf?llige UUID (Manuell),Al?atoire (Manuel),Willekeurig (Handmatig),Randomiza??o (Manual),????化（手動）,Casuale man.,?????? ?????????
_L_MODE_CYCLE,Sequential,按序,按序,Secuencial,Szekvenci?lis,Sequentiell,S?quentiel,Sequentieel,Sequencial,???????,Sequenziale,????????????????
_L_MODE_NTAG,Read/Write,讀寫,讀寫,Lect./Escr.,Olvas?s/?r?s,Lesen/Schreiben,Lecture/?criture,Lezen/Schrijven,Leitura/grava??o,???/???,Lett./Scritt.,??????-??????
_L_MODE_RANDOM_AUTO_GEN,Rand. (Auto),隨機(自動),隨機(自動),Aleat. auto.,Random (Automat.),Zuf?llig (Auto.),Al?atoire (Automatique),Willekeurig (Automatisch),Randomiza??o (Autom?tica),????化（自動）,Auto. casuale,?????????????
_L_BLANK_TAG,Blank NFC tag,空標籤,空標籤,Amiibo no asignado,?res NFC C?mke,Leerer NFC Tag,?tiquette NFC vierge,Lege NFC-tag,Tag NFC em Branco,????NFC??,Amiibo non assegnato,?????? ???
_L_APP_AMIIDB,Amiibo Database,Amiibo數據庫,Amiibo數據庫,Base datos amiibo,Amiibo Adatb?zis,Amiibo Datenbank,Base de Donn?es Amiibo,Amiibo-Database,Banco de Dados Amiibo,Amiibo??????,Database Amiibo,???? ?????? Amiibo
_L_APP_AMMIDB_BROWSER,Browser...,瀏覽...,查看...,Explorar...,B?ng?sz?...,Navigieren...,Naviguer...,Browser...,Navegador...,????...,Esplora...,????????????...
_L_APP_AMIIDB_SEARCH,Search...,搜尋...,搜索...,Buscar...,Keres?s...,Suche...,Recherche...,Zoeken...,Pesquisar...,?索...,Cerca...,?????...
_L_APP_AMIIDB_MY_FAVORITES,My Favorites...,我的收藏...,我的收藏...,Mis Favoritos...,Kedvencek...,Meine Favoriten...,Mes Favoris...,Mijn Favorieten...,Meus Favoritos...,???入?...,I miei preferiti...,??? ?????????...
_L_APP_AMIIDB_MY_TAGS,My Amiibo...,我的數據...,我的數據...,Mis amiibo...,Amiiboim...,Meine Amiibo...,Mes Amiibo...,Mijn Amiibo...,Meu Amiibo...,??Amiibo...,I miei Amiibo...,??? Amiibo...
_L_APP_AMIIDB_SETTINGS,Settings...,設定...,設置...,Configuraciones...,Be?ll?t?sok...,Einstellungen...,Param?tres...,Instellingen...,Configura??es...,設定...,Impostazioni...,?????????...
_L_APP_AMIIDB_EXIT,[Exit],[退出],[退出],[Men? Principal],[Kil?p?s],[Beenden],[Quitter],[Afsluiten],[Sair],[終了],[Menu principale],[?????]
_L_APP_AMIIDB_BACK,[Back],[返回],[返回],[Volver],[Vissza],[Zur?ck],[Retour],[Terug],[Retornar],[??],[Torna indietro],[?????]
_L_APP_AMIIDB_SETTINGS_AMIIBO_KEY,Keys,密鑰文件,密鑰文件,Llaves,Kulcsok,Schl?ssel,Touches,Toetsen,Teclas,??,Chiavi,????
_L_APP_AMIIDB_SETTINGS_AMIIBO_KEY_LOADED,Loaded,已加載,已加載,Cargadas,Bet?ltve,geladen,Charg?e,Geladen,Carregado,????????,Caricate,????????
_L_APP_AMIIDB_SETTINGS_AMIIBO_KEY_NOT_LOADED,NOT Loaded,未加載,未加載,NO cargadas,NINCS bet?ltve,NICHT geladen,NON Charg?e,NIET Geladen,N?O Carregadas,??????????,NON caricate,???????????
_L_APP_AMIIDB_SETTINGS_SLOT_NUM,Slot Num.,數據槽位,數據槽位,Cant. ranuras,Slot Sz?ma,Steckplatzanzahl,Num?ro d'Emplacement,Slotnummer,N?mero do Slot,????番?,Num. slot,????? ?????
_L_APP_AMIIDB_DETAIL_FAVORITE,Favorite...,收藏...,收藏...,Favorito...,Kedvenc...,Favorit...,Favorite...,Favoriet...,Favorito...,???入?...,Preferito...,? ?????????...
_L_APP_AMIIDB_DETAIL_SAVE_AS,Save As...,儲存?...,保存?...,Asignar en...,Ment?s M?sk?nt...,Speichern unter...,Enregistrer Sous...,Opslaan Als...,Salvar como...,名前?付??保存...,Assegna a...,????????? ???...
_L_APP_AMIIDB_DETAIL_BACK_DETAIL,[Back to Detail],[返回詳情],[返回詳情],[Volver a Detalles],[Vissza a R?szletekhez],[Zur?ck zu Details],[Retour au D?tail],[Terug naar Detail],[Voltar Para Detalhes],[詳細????,[Torna ai dettagli],[????? ? ???????]
_L_APP_AMIIDB_DETAIL_BACK_LIST,[Back to List],[返回列表],[返回列表],[Volver a Lista],[Vissza a List?hoz],[Zur?ck zur Liste],[Retour ? la Liste],[Terug naar Lijst].,[Voltar Para a Lista],[???????,[Torna alla lista],[????? ? ??????]
_L_APP_AMIIDB_SEARCH_HEAD,Search:,搜尋:,搜索:,Buscar:,Keres?s:,Suche:,Recherche:,Zoeken:,Pesquisar:,?索??:,Cerca:,?????:
_L_APP_AMIIDB_MORE,[More...],[更多],[更多],[M?s...],[B?vebben...],[Mehr...],[Plus...],[Meer...],[Mais...],[???見?...?,[Pi?...],[??????...]
_L_APP_AMIIDB_MORE_MESSAGE,Too many results. Try a more specific search.,搜尋結果過多，嘗試增加搜尋詞。,搜索結果過多，嘗試增加搜索詞。,,,Zu viele Ergebnisse. Bitte Suche eingrenzen.,,,,,,????? ????? ??????????.\n???????? ??????.
_L_APP_AMIIDB_EMPTY_TAG,<Blank Amiibo>,<空標籤>,<空標簽>,<No Asignado>,<?res Amiibo>,<Leerer Amiibo>,<Amiibo Vierge>,<Blanke Amiibo>,<Amiibo em Branco>,<Amiibo?見??????>,<Non assegnato>,<?????? ???>
_L_APP_AMIIDB_SLOT_DELETE,Reset...,還原...,重置...,Borrar...,?jraind?t?s...,Zur?cksetzen...,R?initialiser...,Reset...,Reiniciar...,????...,Elimina...,?????...
_L_APP_AMIIDB_CONFIRM,Confirm,確認,確認,Confirmar,Meger?s?t?s,Best?tigen,Confirmer,Bevestigen,Confirmar,確認??,Conferma,??
_L_APP_AMIIDB_CANCEL,Cancel,取消,取消,Cancelar,T?rl?s,Abbrechen,Annuler,Annuleren,Cancelar,???????,Annulla,??????
_L_APP_AMIIDB_TIPS,Confirm,提示,提示,Confirmar,Meger?s?t?s,Best?tigen,Confirmer,Bevestigen,Confirmar,確認??,Conferma,????????
_L_APP_AMIIDB_NEW,New...,新增...,新建...,Nueva...,?j...,Neu...,Nouveau...,Nieuw...,Novo...,新規...,Nuovo...,????? ?????...
_L_APP_AMIIDB_EMPTY,Empty...,清除...,清空...,Vaciar...,?res...,Leeren...,Vider...,Leeg...,Vazio...,空...,Svuota...,????????...
_L_APP_AMIIDB_DELETE,Delete...,?除...,?除...,Borrar...,T?rl?s...,L?schen...,Supprimer...,Verwijderen...,Excluir...,削除...,Cancella...,???????...
_L_APP_AMIIDB_FAV_NEW_HEAD,New Fav. Folder:,新增收藏夾:,新建收藏夾:,Nueva Carp. Favoritos:,?j Kedvenc Mappa:,Neuer Fav.-Ordner:,Nouveau Dossier Favori:,Nieuwe Favoriete Map:,Nova Pasta de Favoritos:,新?????入?????:,Nuova cart. preferiti:,????? ????? ??????????:
_L_APP_AMIIDB_FAV_EMPTY_MSG,Empty Fav. Folder?,確認清除收藏夾?,確認清空收藏夾?,?Vaciar Carp. Favoritos?,?res Kedvenc Mappa?,Fav.-Ordner leeren?,Vider le Dossier Favori?,Favoriete Map Leegmaken?,Esvaziar Pasta de Favoritos?,???入??????空?????？,Svuotare cart. preferiti?,????????? ????????\n ???????????
_L_APP_AMIIDB_FAV_DELETE_MSG,Confirm Delete?,確認刪除?,確認刪除?,?Confirma borrado?,T?rl?s Meger?s?t?se?,L?schen Best?tigen?,Confirmer la Suppression?,Verwijderen Bevestigen?,Confirmar Exclus?o?,削除?????????？,Conferma cancellazione?,????????? ?????????
_L_APP_AMIIDB_FAV_SELECT_FOLDER,Select Fav. Folder...,選擇收藏夾...,選擇收藏夾...,Selec. carp. favoritos...,Kedvenc Mappa Kiv?laszt?sa...,Fav.-Ordner ausw?hlen...,S?lectionner le Dossier Favori...,Selecteer Favoriete Map...,Selecionar Pasta Favorita...,???入??????選?...,Selez. cart. preferiti...,??????? ????? ??????????...
_L_APP_AMIIDB_FAV_SUCCESS,Favorite Success,收藏成功,收藏成功,?Adicionado a Favoritos!,Kedvenc Sikeres,Favorit erstellt ,Succ?s du Favori,Favoriet Geslaagd,Favorito Bem-Sucedido,???入??追加?????,Preferito aggiunto!,?????????
_L_APP_AMIIDB_FAV_FAILED,Favorite Failed!,收藏失敗,收藏失敗,?Fallo al adicionar\na Favoritos!,Kedvenc Sikertelen!,Favorisieren fehlgeschlagen!,?chec du Favori!,Favoriet Mislukt!,Favorito Falhou!,???入??追加????????!,Preferito non aggiunto!,?????? ??????????
_L_APP_AMIIDB_SLOT_SAVE_SUCCESS,Save Success,儲存成功,保存成功,Asignaci?n correcta,Sikeresen Mentve,Speichern erfolgreich,Sauvegarder Succ?s,Opslaan Succes,Salvar Com ?xito,保存?????,Assegnazione corretta,?????????
_L_APP_AMIIDB_SLOT_SAVE_FAILED,Save Failed!,儲存失敗,保存失敗,?Asignaci?n fallida!,Ment?s Sikertelen!,Speichern fehlgeschlagen!,Sauvegarde ?chou?e!,Opslaan Mislukt!,Falha ao Salvar!,保存?失敗????!,Assegnazione fallita!,?????? ??????????
_L_APP_CHAMELEON,Card Emulator,卡片模擬器,卡模擬器,Emular Etiqueta RFID,K?rtya Emul?tor,Karten Emulator,Emulateur de Carte,Kaart Emulator,Emulador de Cart?o,?????????,Emula tag RFID,???????? ????
_L_APP_CHAMELEON_TAG_MF1_WRITE_NORMAL,Normal,正常,正常,Normal,Norm?l,Normal,Normal,Normaal,Normal,通常,Normale,?????????
_L_APP_CHAMELEON_TAG_MF1_WRITE_DENIED,Deny,拒絕,拒絕,Negar,Tagadni,Verweigern,Refuser,Weigeren,Negar,拒否,Nega,?????????
_L_APP_CHAMELEON_TAG_MF1_WRITE_DECEIVE,Ignore,忽略,忽略,Ignorar,Figyelmen K?v?l Hagyni,Ignorieren,Ignorer,Negeren,Ignorar,無視,Ignora,????????????
_L_APP_CHAMELEON_TAG_MF1_WRITE_SHADOW,Cache,快取,緩存,Cach?,Elrejt,Cache,Cache,Cache,Cache,?????,Cache,? ???
_L_APP_CHAMELEON_INITIALIZING,Initializing data ...,"初始化, 請稍後...","初始化, 請稍後...",Inicializando ambiente.\nPor favor espere...,Az adatok inicializ?l?sa ...,Daten initialisieren...,Initialisation des donn?es ...,Gegevens Initialiseren ...,Inicializa??o de Dados ...,????初期化 ...,Inizializzazione ambiente.\nPer favore attendi...,?????????????...
_L_APP_CHAMELEON_CARD_SLOT,Slot,卡片槽位,卡槽,Ranura,Cella,Steckplatz,Fente,Slot,Slot,????,Slot,??????
_L_APP_CHAMELEON_CARD_NICK,Nick,卡片名稱,卡名,Apodo,Becen?v,Spitzname,Pseudo,Bijnaam,Apelido,??????,Nickname,????????
_L_APP_CHAMELEON_CARD_ID,ID,ID,ID,ID,ID,ID,ID,ID,ID,ID,ID,ID
_L_APP_CHAMELEON_CARD_TYPE,Type,卡片類型,卡類型,Tipo,T?pus,Typ,Type de Donn?es,Type,Tipo de Dados,???,Tipo,???
_L_APP_CHAMELEON_CARD_DATA,Data...,卡片數據...,卡數據...,Datos...,Adatok...,Daten...,Donn?es...,Gegevens...,Dados...,???...,Dati...,??????...
_L_APP_CHAMELEON_CARD_ADVANCED,Advanced...,卡片進階設定...,卡高級設置...,Avanzado...,Fejlett...,Erweitert...,Avanc?...,Geavanceerd...,Avan?ado...,詳細設定...,Avanzato...,?????????????...
_L_APP_CHAMELEON_CARD_SLOT_SETTINGS,Slots Settings...,卡片槽位管理...,卡槽管理...,Configuraci?n...,Cella Be?ll?t?sai...,Steckplatz Einstellungen...,Param?tres des Emplacements...,Slot Instellingen...,Configura??es de Slots...,????設定...,Impostazioni...,?????????? ????????...
_L_APP_CHAMELEON_CARD_SLOT_NUM,Slot Num...,卡片槽位數量...,卡槽數量...,Cant. ranuras...,Cella Sz?ma...,Steckplatz Nummer,Num?ro d'Emplacement...,Slotnummer...,N?mero do Slot...,????番?...,Num. slot...,????? ?????...
_L_APP_CHAMELEON_CARD_SET_NICK_SUCCESS,Set Nick Success,設定卡片名稱成功,設置卡名成功,Apodo cambiado.,Becen?v Be?ll?t?sa Sikeres,Spitzname erfolgreich gesetzt,D?finir le Pseudo Succ?s,Bijnaam Instellen Succes,Apelido Definido com Sucesso,???????設定?????,Cambio nickname riuscito.,???????? ??????
_L_APP_CHAMELEON_CARD_SET_NICK_FAILED,Set Nick Failed!,設定卡片名稱失敗,設置卡名失敗,?Fall? cambio apodo!,Becen?v Be?ll?t?sa Sikertelen!,Spitzname setzen fehlgeschlagen!,D?finir le Pseudo a ?chou?!,Bijnaam Instellen Mislukt!,Falha ao Definir Apelido!,???????設定????????!,Cambio nickname fallito!,???????????? ????????
_L_APP_CHAMELEON_CARD_INPUT_NICK,Input Nick:,輸入卡片名稱:,輸入卡名:,Apodo:,Becen?v Bevitele:,Spitznamen eingeben:,Entrer le Pseudo:,Voer Bijnaam In:,Insira o Apelido:,???????入力??????：,Nickname:,??????? ???????? ?????:
_L_APP_CHAMELEON_CARD_DATA_LOAD,Load...,讀取...,加載...,Cargar...,Bet?lt?s...,Laden...,Charger...,Laden...,Carregar...,???...,Carica...,????????...
_L_APP_CHAMELEON_CARD_DATA_SAVE,Save...,儲存…,導出...,Guardar...,Ment?s...,Speichern...,Sauvegarder...,Opslaan...,Salvar...,保存...,Salva...,??????????...
_L_APP_CHAMELEON_CARD_DATA_FACTORY,Factory...,還原...,重置...,Inicializar...,Vissza?ll?t?s...,Zur?cksetzen...,R?tablir Les Valeurs Par D?faut...,Terugzetten Naar Standaard...,Restaurar Padr?es...,初期化...,Inizializza...,?????...
_L_APP_CHAMELEON_CARD_DATA_FACTORY_SUCCESS,Data Factory Success,卡片初始化成功,卡片初始化成功,?Datos inicializados!,Adatok Vissza?ll?t?sa Sikeres,Daten zur?ckgesetzt,R?initialisation des Donn?es Succ?s,Fabriekgegeven terugzetten Succesvol,Restaura??o de Dados Bem-Sucedida,初期化成功,Dati inizializzati!,?????? ????????
_L_APP_CHAMELEON_CARD_DATA_LOAD_NOT_FOUND,File Not Found,文件不存在,文件不存在,Archivo no encontrado,F?jl Nem Tal?lhat?,Datei nicht gefunden,Fichier Non Trouv?,Bestand Niet Gevonden,Arquivo N?o Encontrado,?????見??????,File non trovato,???? ?? ?????????
_L_APP_CHAMELEON_CARD_DATA_LOAD_SIZE_NOT_MATCH,File Size Not Match,文件大小不匹配,文件大小不匹配,Tama?o archivo incorrecto,F?jl M?rete Nem Egyezik,Dateigr??e stimmt nicht ?berein,La Taille du Fichier ne Correspond Pas,Bestandsgrootte Komt Niet Overeen,Tamanho do Arquivo N?o Corresponde,????????一致????,Dimensione file non corretta,???? ????????????
_L_APP_CHAMELEON_CARD_DATA_LOAD_FAILED,Load File Failed,讀取文件失敗,讀取文件失敗,Falla al cargar archivo,F?jl bet?lt?se Sikertelen,Laden der Datei fehlgeschlagen,?chec du Chargement du Fichier,Bestand Laden Mislukt,Falha no Carregamento do Arquivo,?????????失敗,Caricamento file fallito,?????? ???????? ?????
_L_APP_CHAMELEON_CARD_DATA_LOAD_SUCCESS,Load File Success,讀取卡片數據成功,加載卡片數據成功,Carga archivo correcta,F?jl Bet?lt?se Sikeres,Datei erfolgreich geladen,Chargement du Fichier R?ussi,Laad Bestand Succesvol,Sucesso no Carregamento do Arquivo,??????????成功,Caricamento file riuscito,?????? ?????????
_L_APP_CHAMELEON_CARD_DATA_SAVE_INPUT_FILE_NAME,Input File Name:,輸入文件名,輸入文件名,Nombre archivo:,Bemeneti F?jl Neve:,Datei Namen eingeben:,Saisir le Nom du Fichier:,Bestandsnaam Invoeren:,Nome do Arquivo de Entrada:,入力????名:,Nome file:,??????? ??? ?????:
_L_APP_CHAMELEON_CARD_DATA_SAVE_FAILED,Save File Failed!,儲存文件失敗,寫入文件失敗,?Error al guardar!,F?jl Ment?se Sikertelen!,Datei speichern fehlgeschlagen!,?chec de l'Enregistrement du Fichier!,Bestand Opslaan Mislukt!,Falha ao Salvar o Arquivo!,?????保存?失敗????！,Errore nel salvataggio!,?????? ?????????? ?????
_L_APP_CHAMELEON_CARD_DATA_SAVE_SUCCESS,Save File Success,儲存卡片數據成功,導出卡片數據成功,Guardado correcto,F?jl Ment?se Sikeres,Datei erfolgreich gespeichert,Sauvegarde du Fichier R?ussie,Bestand Opslaan Gelukt,Arquivo Salvo com ?xito,?????保存?????,Salvataggio riuscito,?????? ?????????
_L_APP_CHAMELEON_CARD_ADV_CUSTOM_MODE,Custom Mode,自定義模式,自定義模式,Modo personali.,Egy?ni M?d,Benutzerdefinierter Modus,Mode Personnalis?,Aangepaste Modus,Modo Personalizado,???????,Modalit? personalizzata,???????? ?????
_L_APP_CHAMELEON_CARD_GEN1A_MODE,Gen1A Enabled,Gen1A模式,Gen1A模式,Gen1A habilitada,Gen1A Enged?lyezve,Gen1A aktiv,Gen1A Activ?,Gen1A Ingeschakeld,Gen1A Ativada,Gen1A 有?,Gen1A abilitata,Gen1A
_L_APP_CHAMELEON_CARD_GENERATE_UID,Rand. UID,生成UID,生成UID,Generar UID aleat.,V?letlen UID,Zuf?llige UID,Randomiser l'UID,Willekeurige UID,UID Aleat?rio,UID?????化,Genera nuovo UID,????????????? UID
_L_APP_CHAMELEON_CARD_GENERATE_UID_SUCCESS,UID Generated,UID已生成,UID已生成,UID generado,Gener?lt UID,UID generiert,UID G?n?r?,UID Gegenereerd,UID Gerado,UID 生成,UID generato,UID ????????????
_L_APP_CHAMELEON_CARD_GEN2_MODE,Gen2 Enabled,Gen2模式,Gen2模式,Gen2 habilitada,Gen2 Enged?lyezve,Gen2 aktiv,Gen2 Activ?,Gen2 Ingeschakeld,Gen2 Ativado,Gen2 有?,Gen2 abilitata,Gen2
_L_APP_CHAMELEON_CARD_WRITE_MODE,Write Mode,寫入模式,寫入模式,Modo escrit.,?r?si M?d,Schreibmodus,Mode d'?criture,Schrijfmodus,Modo de Grava??o,書??????,Modalit? scrittura,??????
_L_APP_CHAMELEON_CARD_ADV_ID_EDIT_INVALID_INPUT,Invalid Input!,無效的輸入!,無效的輸入!,?Entrada inv?lida!,?rv?nytelen bemenet!,Ung?ltige Eingabe!,Entr?e Invalide!,Ongeldige Invoer!,Entrada Inv?lida!,無??入力,Input non valido!,???????????? ????
_L_APP_CHAMELEON_CARD_TYPE_FACTORY_DATA_CONFRIM,Card type changed. \nFactory card data?,卡片類型已修改\n還原卡數據?,卡類型已修改\n重置卡數據?,Tipo tarjeta modificado\n?Inicializar tarjeta?,A k?rtya t?pusa megv?ltozott.\nGy?ri k?rtyaadatok?,Kartentyp ge?ndert. \nKartendaten zur?cksetzen?,Le Type de Carte a ?t? Modifi?. \nR?initialiser les Donn?es de la Carte?,Kaarttype gewijzigd. \nGegevens terugzetten naar standaard?,O tipo de cart?o foi alterado. \nRedefinir dados do cart?o?,????種類??更?????。\n???????初期化????？,Tipo di carta modificato\nInizializzare carta?,??? ????? ???????.\n???????? ?????? ??????
_L_APP_CHAMELEON_CARD_DEFAULT_CARD,Default Card,預設卡片,默?卡片,,,,,,,,,?? ?????????